<?xml version='1.0' encoding='UTF-8'?>
<assembly>
  <id>dist</id>
  <formats>
    <format>tar.gz</format>
    <format>zip</format>
  </formats>
  <dependencySets>
    <dependencySet>
      <useProjectArtifact>false</useProjectArtifact>
      <outputDirectory>lib</outputDirectory>
      <scope>runtime</scope>
      <includes>
        <include>*:jar</include>
      </includes>
    </dependencySet>
  </dependencySets>
  <fileSets>
    <fileSet>
      <directory>target/package-info</directory>
      <outputDirectory>/</outputDirectory>
      <includes>
        <include>**</include>
      </includes>
      <useDefaultExcludes>true</useDefaultExcludes>
    </fileSet>
    <fileSet>
      <directory>src</directory>
      <useDefaultExcludes>true</useDefaultExcludes>
    </fileSet>
    <fileSet>
      <directory>properties</directory>
      <useDefaultExcludes>true</useDefaultExcludes>
    </fileSet>
    <fileSet>
      <directory>licenses</directory>
      <useDefaultExcludes>true</useDefaultExcludes>
    </fileSet>
    <fileSet>
      <directory>dict</directory>
      <useDefaultExcludes>true</useDefaultExcludes>
    </fileSet>
    <fileSet>
      <directory>target/bin</directory>
      <outputDirectory>bin</outputDirectory>
      <fileMode>0755</fileMode>
      <useDefaultExcludes>true</useDefaultExcludes>
      <excludes>
        <exclude>*.bat</exclude>
      </excludes>
    </fileSet>
    <fileSet>
      <directory>target/bin</directory>
      <outputDirectory>bin</outputDirectory>
      <useDefaultExcludes>true</useDefaultExcludes>
      <includes>
        <include>*.bat</include>
      </includes>
    </fileSet>
    <fileSet>
      <directory>target</directory>
      <outputDirectory>jars</outputDirectory>
      <includes>
        <include>${project.build.finalName}*.jar</include>
      </includes>
      <useDefaultExcludes>true</useDefaultExcludes>
    </fileSet>
    <fileSet>
      <directory>target/site/apidocs</directory>
      <outputDirectory>docs/apidocs</outputDirectory>
      <useDefaultExcludes>true</useDefaultExcludes>
    </fileSet>
  </fileSets>
</assembly>
